UserID,Name,Email,Location,Status
1,Allison Hill,donaldgarcia@example.net,Germany,Active
2,Angie Henderson,davisjesse@example.net,Sweden,Active
3,Cristian Santos,lrobinson@example.com,UK,Active
4,Abigail Shaffer,jpeterson@example.org,Germany,Active
5,Gabrielle Davis,howardmaurice@example.com,USA,Active
6,Monica Herrera,smiller@example.net,Mexico,Active
7,Shannon Ray,williamsjeremy@example.com,USA,Active
8,Dr. Sharon James,xreid@example.org,Canada,Active
9,Daniel Adams,lynchgeorge@example.net,Sweden,Active
10,Joel Nelson,gabriellecameron@example.org,USA,Active
11,Andrew Stewart,carl95@example.org,UK,Active
12,Jennifer Rocha,ithomas@example.org,Austria,Active
13,Kimberly Burgess,zhurst@example.com,Mexico,Inactive
14,Zachary Hicks,camposmichelle@example.org,Austria,Active
15,Rebecca Henderson,cruzcaitlin@example.com,Canada,Active
16,Tricia Valencia,frazierdanny@example.net,Austria,Active
17,Patricia Peterson,ryan70@example.net,USA,Active
18,Deborah Mason,williamrodriguez@example.net,Germany,Inactive
19,Mark Lynch,nathanielmartin@example.net,Canada,Active
20,Linda Burns,hickmannatasha@example.com,Sweden,Active
21,David Bradley,millertodd@example.org,Austria,Active
22,Kim Martinez,karroyo@example.com,Germany,Active
23,Lisa Brandt,jenniferross@example.net,Mexico,Active
24,Jessica Holmes,wrightcaleb@example.org,Germany,Inactive
25,Crystal Robinson,zimmermanbrian@example.org,Germany,Active
26,Shannon Jones,joshuawashington@example.net,France,Active
27,Timothy Duncan,esanchez@example.com,Austria,Active
28,Brent Jordan,ujenkins@example.org,Austria,Active
29,Victoria Garcia,zchandler@example.org,Sweden,Active
30,Connor West,dwhite@example.org,Germany,Active
31,Angela Morton,williamsyvette@example.org,UK,Active
32,Tammy Allison,richardolson@example.com,Mexico,Active
33,Carmen Smith,ybaker@example.com,Canada,Active
34,Michael Cross,smoore@example.org,Mexico,Active
35,Lauren Daniels,brian97@example.net,USA,Active
36,Kim Brown,yorkcasey@example.org,USA,Active
37,Cynthia Wilson,bethwilliams@example.org,Canada,Active
38,Kevin Mills,james53@example.com,Mexico,Inactive
39,Michael Evans,sarah10@example.com,Austria,Active
40,Kristine Garcia,williamanderson@example.com,France,Active
41,Sherry Wood,samueldaniels@example.com,France,Active
42,Victoria Valdez,contrerasangela@example.net,UK,Active
43,Shawn Baker,newtoneric@example.com,Sweden,Active
44,Michelle Harris,william40@example.org,Canada,Inactive
45,Sandra Williams,kellie42@example.net,Canada,Active
46,Michael Hoffman,jonesnicole@example.org,UK,Active
47,Sandra Aguilar,russellwilliams@example.com,Germany,Active
48,Rebecca Valencia,jason31@example.com,Germany,Active
49,Stacey Russell,sarayoung@example.org,UK,Active
50,Rita Keith,whitesandra@example.com,Canada,Active
51,Sharon Cochran,erik16@example.org,Canada,Active
52,Courtney Velasquez,ybailey@example.org,France,Active
53,Matthew Ross,michelle45@example.net,USA,Active
54,Meghan Anthony,sheila14@example.org,Germany,Active
55,Victoria Johnson,yreed@example.com,Sweden,Active
56,William Wilson,jonathanfletcher@example.org,Austria,Active
57,Renee Mcdaniel,michaeljones@example.net,Canada,Active
58,Lisa Alvarado,cortezkevin@example.com,USA,Inactive
59,Erika Terry,jamesortega@example.com,Sweden,Inactive
60,Stephanie Gilbert,richard04@example.com,UK,Active
61,Richard Lawson,steven73@example.net,Germany,Inactive
62,Steven Flynn,donnacampbell@example.net,Sweden,Active
63,Frances Cardenas,emilywalker@example.org,Mexico,Active
64,Angel Riggs,gibsonolivia@example.net,UK,Active
65,Michael Snyder,dylanwatts@example.org,USA,Active
66,Colleen Brock,pwilliams@example.org,France,Active
67,Robert Contreras,stephanie79@example.net,Austria,Inactive
68,Jessica Meadows,vmerritt@example.com,Sweden,Active
69,Paul Larsen,katie87@example.net,Mexico,Inactive
70,Jeremiah Reeves,josephflores@example.net,Germany,Active
71,Chris Reyes,jasminebrown@example.com,France,Active
72,John Brown,xprice@example.net,UK,Active
73,Alicia Gilmore,wwoods@example.com,France,Inactive
74,Sarah Ashley,vmedina@example.net,UK,Active
75,Stephanie Freeman,ryan06@example.com,Canada,Inactive
76,Rebecca Ramsey,ncalhoun@example.net,Mexico,Active
77,James Elliott,millerroy@example.com,Canada,Inactive
78,David Murphy,wmurphy@example.com,Austria,Active
79,Trevor Fisher,ruizkaitlyn@example.org,France,Active
80,Mrs. Marie Harrington DDS,herringjames@example.org,Mexico,Active
81,Cynthia Wells,elliottjeffery@example.net,USA,Active
82,Jacob Obrien,stricklandfrank@example.com,Mexico,Active
83,Alexander Collins,tsanders@example.org,USA,Active
84,Michael Burton,terrykevin@example.net,USA,Active
85,Barbara Riggs,reedross@example.com,USA,Inactive
86,Matthew Smith,gshort@example.com,Germany,Active
87,Madison Poole,ryangross@example.net,Sweden,Active
88,Robert Medina,umarshall@example.net,Mexico,Active
89,Samuel Rivas,ramirezshannon@example.com,France,Active
90,Mary Rogers,lrosales@example.com,France,Active
91,Robert Peterson,angela83@example.org,Mexico,Active
92,Jason Peters,hannahbrewer@example.com,Canada,Active
93,Alan Phillips,tholt@example.net,Canada,Active
94,Kara Schmidt,jbarajas@example.com,USA,Active
95,Jesse Parker,davidlee@example.org,Germany,Active
96,Tiffany Vaughn,javierwashington@example.net,Austria,Active
97,Paige Carlson,wallkenneth@example.com,Germany,Active
98,Adrian Ferguson,brandon08@example.com,Mexico,Active
99,Beth Oneill,agarcia@example.net,UK,Active
100,John Peterson,kingmichelle@example.org,Sweden,Active
101,Jennifer Jones,hernandezlisa@example.com,Germany,Active
102,David Grant,yobrien@example.net,Germany,Active
103,Joseph Hayes,levans@example.com,USA,Inactive
104,Marc Lynch,mezajared@example.org,Mexico,Active
105,Brad Allen,moorericky@example.net,France,Active
106,Doris Hall,jacqueline71@example.net,Canada,Inactive
107,Dennis Moody,ronaldstephens@example.net,UK,Active
108,Derek Thomas,martinkyle@example.net,Canada,Active
109,Tammy Gonzales,sbarker@example.com,France,Active
110,Kathryn Snyder,georgepamela@example.net,France,Active
111,David Davis,keyemily@example.com,Sweden,Active
112,Pamela Thompson,lmoon@example.net,USA,Active
113,Robert Costa,vbailey@example.com,USA,Active
114,Shannon Rivera,zroberts@example.net,USA,Active
115,Brandon King,cordovarichard@example.net,France,Active
116,April Booth,mgutierrez@example.net,UK,Active
117,Peter Garrett,harrisandrea@example.com,Germany,Inactive
118,Michael Martinez,jennifercollins@example.org,Germany,Active
119,Anna Gay,murraydavid@example.org,Mexico,Active
120,Dr. Jordan Hill PhD,jsanchez@example.org,Mexico,Active
121,Thomas Romero,michellehill@example.com,USA,Active
122,Richard Adams,campbellkenneth@example.net,Canada,Active
123,Mary Grimes,wryan@example.com,Austria,Inactive
124,Kimberly Gibson,molly39@example.com,Mexico,Active
125,Reginald Williams,zthornton@example.com,Austria,Active
126,Matthew Hoover,tylerjohnson@example.net,Canada,Active
127,Evelyn Garcia,dgarcia@example.org,Sweden,Active
128,Jennifer Pena,charlesharrington@example.com,Germany,Active
129,Michael Santos,melissa86@example.com,Germany,Active
130,Stacy Freeman,williamsonjimmy@example.net,Mexico,Active
131,Yolanda Francis,wgood@example.net,UK,Inactive
132,Ashlee Jackson,rebecca05@example.org,Germany,Inactive
133,James Thomas,yknight@example.org,Austria,Active
134,Bob Pitts,tyleraguilar@example.org,France,Active
135,David Scott,nolansteven@example.com,Sweden,Active
136,Brooke Alexander,vanessa46@example.net,USA,Active
137,Ryan Gonzalez,gcastaneda@example.org,Sweden,Inactive
138,Ian Phillips,andrew64@example.org,Germany,Inactive
139,Melissa Garner,lozanojulie@example.com,UK,Active
140,Crystal Pham,danaoliver@example.net,Germany,Active
141,Patricia Becker,courtneyberger@example.net,UK,Active
142,Richard Johnson,jessica14@example.com,Mexico,Active
143,Casey Anderson,alyssa42@example.com,Mexico,Active
144,Terry Coffey,julie51@example.com,Sweden,Active
145,Brenda Levy,zcoffey@example.net,Sweden,Inactive
146,Richard Smith,gibsonemily@example.net,USA,Active
147,James Little,daniel37@example.org,Canada,Active
148,Terri Murphy,deborahreid@example.com,USA,Active
149,Elizabeth Ortiz,brandonjohnson@example.com,UK,Active
150,David Medina,qchavez@example.net,Sweden,Active
