root,level1,level2,level3,size
flare,vis,d3,shapes,111
flare,vis,d3,controls,131
flare,vis,d3,axis,138
flare,vis,three.js,render,166
flare,vis,three.js,scene,137
flare,vis,three.js,camera,165
flare,vis,plotly,scatter,132
flare,vis,plotly,bar,35
flare,vis,plotly,surface,164
flare,util,lodash,map,159
flare,util,lodash,filter,81
flare,util,lodash,reduce,146
flare,util,moment,format,169
flare,util,moment,parse,86
flare,util,moment,diff,164
flare,util,axios,get,72
flare,util,axios,post,104
flare,util,axios,interceptors,75
flare,animate,anime.js,timeline,183
flare,animate,anime.js,easing,106
flare,animate,anime.js,events,176
flare,animate,gsap,tween,82
flare,animate,gsap,timeline,42
flare,animate,gsap,scrollTrigger,91
flare,query,sql.js,select,181
flare,query,sql.js,insert,119
flare,query,sql.js,delete,181
flare,query,mongo,find,154
flare,query,mongo,aggregate,33
flare,query,mongo,update,114
flare,analytics,google-analytics,event,87
flare,analytics,google-analytics,pageview,49
flare,analytics,google-analytics,goal,133
flare,analytics,mixpanel,track,192
flare,analytics,mixpanel,alias,139
flare,analytics,mixpanel,identify,140
flare,scale,d3-scale,linear,79
flare,scale,d3-scale,log,106
flare,scale,d3-scale,ordinal,59
flare,scale,chart.js,datasets,52
flare,scale,chart.js,legends,136
flare,scale,chart.js,scales,71
flare,physics,matter.js,bodies,52
flare,physics,matter.js,engine,90
flare,physics,matter.js,collision,120
flare,physics,cannon.js,world,91
flare,physics,cannon.js,body,41
flare,physics,cannon.js,constraint,24
flare,display,react,hooks,149
flare,display,react,context,128
flare,display,react,components,65
flare,display,vue,directives,113
flare,display,vue,vuex,184
flare,display,vue,components,111
flare,display,angular,modules,92
flare,display,angular,services,52
flare,display,angular,directives,62
